old_key,name,new_key
monaco_villa,Monaco Penthouse,monaco_penthouse
maldives_villa,Maldives Lagoon,maldives_lagoon
santorini_villa,Santorini Blue,santorini_blue
venice_villa,Venice Canal,venice_canal
bali_villa,Bali Retreat,bali_retreat
vegas_villa,Vegas Strip,vegas_strip
hollywood_villa,Hollywood Hills,hollywood_hills
casino_villa,Royal Casino,royal_casino
canary_villa,Canary Cove,canary_cove
caribbean,Caribbean Reef,caribbean_reef
super_yacht,Mega Yacht,mega_yacht
night_club,Neon Club,neon_club
atlantis_villa,Lost Atlantis,lost_atlantis
machu_pichu,Machu Picchu,machu_picchu
petra_villa,Petra Rose City,petra_rose_city
aztec_villa,Aztec Sun Temple,aztec_sun_temple
maya_villa,Maya Pyramid,maya_pyramid
temple_villa,Lost Temple,lost_temple
druid_villa,Druid Grove,druid_grove
pirate_villa,Pirate Cove,pirate_cove
viking_villa,Viking Hall,viking_hall
stone_age,Stone Age Cave,stone_age_cave
flinstone_cave,Cave Family,cave_family
frankenstein_house,Frankenstein Lab,frankenstein_lab
addams_villa,Addams Manor,addams_manor
church_villa,Gothic Church,gothic_church
mosque_villa,Blue Mosque,blue_mosque
synagogue_villa,Grand Synagogue,grand_synagogue
napoleon_empire,Napoleon Palace,napoleon_palace
spanish_emp,Spanish Empire,spanish_empire
australia_villa,Sydney Villa,sydney_villa
thailand_villa,Thai Pavilion,thai_pavilion
madagascar,Baobab Lodge,baobab_lodge
cuba_villa,Havana Villa,havana_villa
south_korea,Seoul Neon,seoul_neon
north_korea,Pyongyang Hall,pyongyang_hall
ussr_flat,Soviet Flat,soviet_flat
moscow_villa,Moscow Kremlin,moscow_kremlin
putin_villa,President Manor,president_manor
oil_villa,Oil Baron Manor,oil_baron_manor
bank_villa,Bank Fortress,bank_fortress
jobs_villa,Tech Garage,tech_garage
hacker_estete,Hacker Estate,hacker_estate
starbucks_house,Coffee Empire,coffee_empire
mac_villa,Burger Empire,burger_empire
boss_kfc,Chicken Empire,chicken_empire
super_market,Mega Market,mega_market
cartel_fort,Cartel Fortress,cartel_fortress
psycho_ward,Asylum 13,asylum_13
raider_villa,Raider Ruins,raider_ruins
mk_arena,Mortal Arena,mortal_arena
cabaret_house,Moulin Cabaret,moulin_cabaret
brothel_house,Velvet House,velvet_house
red_lights,Red Light Row,red_light_row
strip_club,Neon Dolls Club,neon_dolls_club
teenager_house,Teen Hangout,teen_hangout
schoolgirl_villa,Pink Academy,pink_academy
favela_villa,Favela Hills,favela_hills
slum_villa,Slum Rooftops,slum_rooftops
hitman_villa,Hitman Safehouse,hitman_safehouse
wild_west,Wild West Town,wild_west_town
native_villa,Tribal Lodge,tribal_lodge
hut_villa,Forest Hut,forest_hut
oak_tree_villa,Oak Tree Manor,oak_tree_manor
anthill_villa,Ant Kingdom,ant_kingdom
beehive_villa,Hive Palace,hive_palace
bird_nest,Giant Bird Nest,giant_bird_nest
rolex_villa,Rolex Vault,rolex_vault
bugatti_villa,Bugatti Garage,bugatti_garage
rolls_villa,Rolls Palace,rolls_palace
maybach_villa,Maybach Estate,maybach_estate
gelik_villa,G-Wagon Fort,g_wagon_fort
amg_villa,AMG Speed Lab,amg_speed_lab
bmw_villa,BMW Motor Hall,bmw_motor_hall
audi_villa,Audi Showroom,audi_showroom
hermes_villa,Hermes Atelier,hermes_atelier
jaguar_villa,Jaguar Den,jaguar_den
chanel_villa,Chanel Noir,chanel_noir
tiktok_villa,TikTok Stage,tiktok_stage
telegram_villa,Telegram Tower,telegram_tower
louis_vuitton,Vuitton Trunk,vuitton_trunk
youtube_villa,YouTube Portal,youtube_portal
nike_villa,Nike Swoosh,nike_swoosh
tesla_villa,Tesla,tesla
adidas_villa,Three Stripes,three_stripes
zerg_hive,Zerg Swarm,zerg_swarm
football_villa,Football Arena,football_arena
protoss_nexus,Protoss Nexus,protoss_nexus
puma_villa,Puma Leap,puma_leap
gucci_villa,Gucci Garden,gucci_garden
tiffany_villa,Tiffany Blue,tiffany_blue
diamond_villa,Diamond Palace,diamond_palace
prada_villa,Prada Tower,prada_tower
omega_villa,Omega Chrono,omega_chrono
dior_villa,Dior Couture,dior_couture
cartier_villa,Cartier Jewel,cartier_jewel
ferrari_villa,Ferrari Rosso,ferrari_rosso
